<?xml version="1.0" encoding="UTF-8" ?>
<module>
    <name>ets_mailchimpsync</name>
    <displayName><![CDATA[Automatic Mailchimp Sync]]></displayName>
    <version><![CDATA[1.0.1]]></version>
    <description><![CDATA[Synchronize your shop&#039;s emails with Mailchimp automatically]]></description>
    <author><![CDATA[ETS-Soft]]></author>
    <tab><![CDATA[front_office_features]]></tab>
	<confirmUninstall><![CDATA[Are you sure you want to uninstall module?]]></confirmUninstall>
    <is_configurable>1</is_configurable>
    <need_instance>0</need_instance>
</module>