<?xml version="1.0" encoding="UTF-8" ?>
<module>
    <name>pleasewait</name>
    <displayName><![CDATA[S&#039;il vous pla&icirc;t, attendez...!]]></displayName>
    <version><![CDATA[1.0.1]]></version>
    <description><![CDATA[Afficher une ic&ocirc;ne de chargement pendant le chargement de votre site Web]]></description>
    <author><![CDATA[ETS-Soft]]></author>
    <tab><![CDATA[front_office_features]]></tab>
    <is_configurable>1</is_configurable>
    <need_instance>0</need_instance>
</module>