<?xml version="1.0" encoding="UTF-8" ?>
<module>
    <name>ps_categoryproducts</name>
    <displayName><![CDATA[Produits dans la m&ecirc;me cat&eacute;gorie]]></displayName>
    <version><![CDATA[1.0.2]]></version>
    <description><![CDATA[Ajoute un bloc sur la fiche produit pour afficher des produits de la m&ecirc;me cat&eacute;gorie.]]></description>
    <author><![CDATA[PrestaShop]]></author>
    <tab><![CDATA[]]></tab>
    <is_configurable>1</is_configurable>
    <need_instance>1</need_instance>
</module>